date,aqi,hotspot_count,hotspot_count_high,total_frp,mean_frp,max_frp,product,frp_lag1,count_lag1,frp_lag2,count_lag2,frp_lag3,count_lag3,frp_roll3,frp_roll7,aqi_roll3,aqi_roll7,log_frp,log_count,frp_cumsum,aqi_delta,frp_delta,frp_norm,frp_z,aqi_z,fire_cat
2025-09-01,84.875,0,0,0.0,0.0,0.0,,,,,,,,0.0,0.0,84.875,84.875,0.0,0.0,0.0,,,0.0,-0.7261300727547335,-2.014208280664827,None
2025-09-02,61.291666666666664,1,0,1.37,1.37,1.37,VIIRS_SNPP_SP,0.0,0.0,,,,,0.685,0.685,73.08333333333333,73.08333333333333,0.8628899551470398,0.6931471805599453,1.37,-23.583333333333336,1.37,0.000444320481552592,-0.7244132416902926,-2.618298422632381,Low
2025-09-03,62.625,1,0,1.4,1.4,1.4,VIIRS_SNPP_SP,1.37,1.0,0.0,0.0,,,0.9233333333333333,0.9233333333333333,69.59722222222221,69.59722222222221,0.8754687373538999,0.6931471805599453,2.77,1.3333333333333357,0.029999999999999805,0.00045405012713403556,-0.7243756468494655,-2.5841449163727312,Low
2025-09-04,84.8125,5,0,2.74,0.55,0.82,VIIRS_SNPP_SP,1.4,1.0,1.37,1.0,0.0,0.0,1.8366666666666667,1.3775,69.57638888888889,73.40104166666666,1.3190856114264407,1.791759469228055,5.51,22.1875,1.3400000000000003,0.000888640963105184,-0.7226964106258519,-2.015809226270748,Low
2025-09-05,101.04166666666667,0,0,0.0,0.0,0.0,,2.74,5.0,1.4,1.0,1.37,1.0,1.3800000000000001,1.1019999999999999,82.8263888888889,78.92916666666666,0.0,0.0,5.51,16.22916666666667,-2.74,0.0,-0.7261300727547335,-1.6000970172665743,None
2025-09-06,91.52083333333333,2,0,3.1,1.55,1.79,VIIRS_SNPP_SP,0.0,0.0,2.74,5.0,1.4,1.0,1.9466666666666665,1.4349999999999998,92.45833333333333,81.02777777777777,1.410986973710262,1.0986122886681098,8.61,-9.520833333333343,3.1,0.0010053967100825073,-0.7222452725359259,-1.8439743979018857,Low
2025-09-07,104.47916666666667,7,0,6.17,0.88,1.06,VIIRS_SNPP_SP,3.1,2.0,0.0,0.0,2.74,5.0,3.09,2.1114285714285717,99.0138888888889,84.37797619047619,1.969905654611529,2.0794415416798357,14.78,12.958333333333343,3.07,0.002001063774583571,-0.7183980671579455,-1.512045008940915,Low
2025-09-08,103.08333333333333,6,0,14.94,2.49,6.41,VIIRS_SNPP_SP,6.17,7.0,3.1,2.0,0.0,0.0,8.07,4.2457142857142856,99.69444444444444,86.97916666666666,2.768831673362069,1.9459101490553132,29.72,-1.3958333333333428,8.77,0.004845363499558922,-0.7074078420228025,-1.547799460806486,Low
2025-09-09,132.10416666666666,2,0,1.49,0.74,1.17,VIIRS_SNPP_SP,14.94,6.0,6.17,7.0,3.1,2.0,7.533333333333332,4.2628571428571425,113.22222222222221,97.0952380952381,0.9122827104766162,1.0986122886681098,31.209999999999997,29.02083333333333,-13.45,0.0004832390638783664,-0.724262862326984,-0.8044270511237982,Low
2025-09-10,122.58333333333333,1,0,1.28,1.28,1.28,VIIRS_SNPP_SP,1.49,2.0,14.94,6.0,6.17,7.0,5.903333333333333,4.2457142857142856,119.25694444444444,105.66071428571429,0.8241754429663494,0.6931471805599453,32.489999999999995,-9.520833333333329,-0.20999999999999996,0.0004151315448082611,-0.7245260262127742,-1.048304431759109,Low
2025-09-11,162.4375,6,0,10.48,1.75,3.93,VIIRS_SNPP_SP,1.28,1.0,1.49,2.0,14.94,6.0,4.416666666666667,5.3514285714285705,139.04166666666666,116.75,2.4406063908914204,1.9459101490553132,42.97,39.85416666666667,9.200000000000001,0.0033988895231176377,-0.7129969416924419,-0.027434783716767386,Low
2025-09-12,137.66666666666666,12,0,18.29,1.52,3.24,VIIRS_SNPP_SP,10.48,6.0,1.28,1.0,1.49,2.0,10.016666666666666,7.964285714285714,140.89583333333334,121.98214285714285,2.9595868269176377,2.5649493574615367,61.26,-24.770833333333343,7.809999999999999,0.0059318405894867934,-0.7032097514637686,-0.6619428921968221,Low
2025-09-13,145.97916666666666,8,0,21.45,2.68,5.57,VIIRS_SNPP_SP,18.29,12.0,10.48,6.0,1.28,1.0,16.74,10.585714285714285,148.69444444444443,129.76190476190476,3.1112906141882632,2.1972245773362196,82.71,8.3125,3.16,0.006956696590732188,-0.6992497615633065,-0.44901712660931853,Low
2025-09-14,148.60416666666666,11,0,52.56,4.78,11.13,VIIRS_SNPP_SP,21.45,8.0,18.29,12.0,10.48,6.0,30.76666666666667,17.212857142857143,144.08333333333334,136.06547619047618,3.9808025208229716,2.4849066497880004,135.26999999999998,2.625,31.110000000000003,0.01704633905868922,-0.6602639116255309,-0.3817774111606332,Low
2025-09-15,133.25,13,0,68.66,5.28,10.48,VIIRS_SNPP_SP,52.56,11.0,21.45,8.0,18.29,12.0,47.55666666666667,24.887142857142855,142.61111111111111,140.375,4.243626264937855,2.6390573296152584,203.92999999999998,-15.354166666666657,16.099999999999994,0.022267915520730628,-0.6400880137149495,-0.7750763816819115,Low
2025-09-16,129.875,24,0,147.61,6.15,12.35,VIIRS_SNPP_SP,68.66,13.0,52.56,11.0,21.45,8.0,89.61000000000001,45.76142857142857,137.24305555555554,140.05654761904762,5.001325424770478,3.2188758248682006,351.53999999999996,-3.375,78.95000000000002,0.04787309947589643,-0.5411509242714461,-0.8615274444016497,Low
2025-09-17,127.72916666666667,27,0,99.23,3.68,9.38,VIIRS_SNPP_SP,147.61,24.0,68.66,13.0,52.56,11.0,105.16666666666669,59.75428571428572,130.28472222222223,140.79166666666666,4.607467545036775,3.332204510175204,450.77,-2.1458333333333286,-48.38000000000001,0.03218242436822168,-0.6017788709120628,-0.9164932435382733,Low
2025-09-18,154.22916666666666,27,0,77.1,2.86,9.06,VIIRS_SNPP_SP,99.23,27.0,147.61,24.0,68.66,13.0,107.98000000000002,69.27142857142857,137.27777777777777,139.61904761904762,4.35799005684564,3.332204510175204,527.87,26.499999999999986,-22.13000000000001,0.0250051891443101,-0.6295113318289055,-0.23769230662773605,Low
2025-09-19,155.45833333333334,10,0,51.96,5.2,9.84,VIIRS_SNPP_SP,77.1,27.0,99.23,27.0,147.61,24.0,76.09666666666668,74.08142857142856,145.80555555555557,142.16071428571428,3.9695369116287527,2.3978952727983707,579.83,1.2291666666666856,-25.139999999999993,0.01685174614706035,-0.6610158084420743,-0.206207043044621,Low
2025-09-20,147.14583333333334,3,0,12.99,4.33,7.81,VIIRS_SNPP_SP,51.96,10.0,77.1,27.0,99.23,27.0,47.35,72.87285714285714,152.2777777777778,142.32738095238093,2.63834278867739,1.3862943611198906,592.82,-8.3125,-38.97,0.004212936536765088,-0.7098515066765687,-0.41913280863212454,Low
2025-09-21,120.77083333333333,10,0,45.68,4.57,8.13,VIIRS_SNPP_SP,12.99,3.0,51.96,10.0,77.1,27.0,36.87666666666667,71.89,141.125,138.35119047619048,3.8433158074183553,2.3978952727983707,638.5,-26.375000000000014,32.69,0.014815007005344818,-0.668885661788562,-1.0947318543308204,Low
2025-09-22,126.16666666666667,26,0,141.84,5.46,20.48,VIIRS_SNPP_SP,45.68,10.0,12.99,3.0,51.96,10.0,66.83666666666667,82.34428571428573,131.36111111111111,137.33928571428572,4.961725122726247,3.295836866004329,780.34,5.395833333333343,96.16,0.046001764309065434,-0.5483816653238718,-0.9565168836863004,Low
2025-09-23,134.85416666666666,26,0,106.45,4.09,17.42,VIIRS_SNPP_SP,141.84,26.0,45.68,10.0,12.99,3.0,97.99000000000001,76.46428571428571,127.26388888888887,138.05059523809524,4.67702562308852,3.295836866004329,886.7900000000001,8.687499999999986,-35.39,0.03452402573815578,-0.5927310458863239,-0.7339854444632706,Low
2025-09-24,147.54166666666666,57,0,262.79,4.61,14.56,VIIRS_SNPP_SP,106.45,26.0,141.84,26.0,45.68,10.0,170.36,99.83,136.1875,140.88095238095238,5.5751533320590205,4.060443010546419,1149.5800000000002,12.6875,156.34000000000003,0.0852284520782523,-0.3968117987223298,-0.4089934864612915,Low
2025-09-25,149.41666666666666,25,0,99.37,3.97,7.55,VIIRS_SNPP_SP,262.79,57.0,106.45,26.0,141.84,26.0,156.20333333333335,103.01142857142857,143.9375,140.19345238095238,4.608863357825709,3.258096538021482,1248.9500000000003,1.875,-163.42000000000002,0.03222782938093508,-0.601603428321536,-0.3609651182836592,Low
2025-09-26,128.66666666666666,18,0,68.2,3.79,6.31,VIIRS_SNPP_SP,99.37,25.0,262.79,57.0,106.45,26.0,143.45333333333335,105.33142857142857,141.875,136.36607142857142,4.237000862623624,2.9444389791664403,1317.1500000000003,-20.75,-31.17,0.022118727621815163,-0.6406644679409661,-0.8924790594494575,Low
2025-09-27,158.29166666666666,37,0,176.49,4.77,11.66,VIIRS_SNPP_SP,68.2,18.0,99.37,25.0,262.79,57.0,114.68666666666668,128.68857142857144,145.45833333333334,137.95833333333331,5.178914269300255,3.6375861597263857,1493.6400000000003,29.625,108.29,0.05723950495563282,-0.50495962416849,-0.1336308422428659,Low
2025-09-28,133.08333333333334,75,0,310.86,4.14,32.2,VIIRS_SNPP_SP,176.49,37.0,68.2,18.0,99.37,25.0,185.18333333333337,166.57142857142858,140.01388888888889,139.7172619047619,5.742554369156739,4.330733340286331,1804.5000000000005,-25.208333333333314,134.37,0.10081858751491879,-0.3365723321035938,-0.7793455699643674,Low
2025-09-29,111.33333333333333,84,0,408.52,4.86,47.61,VIIRS_SNPP_SP,310.86,75.0,176.49,37.0,68.2,18.0,298.6233333333334,204.66857142857143,134.23611111111111,137.59821428571428,6.014985742149328,4.442651256490317,2213.0200000000004,-21.750000000000014,97.65999999999997,0.13249182709771157,-0.21418859359754513,-1.3364746408249035,Low
2025-09-30,115.8125,31,0,147.68,4.76,13.84,VIIRS_SNPP_SP,408.52,84.0,310.86,75.0,176.49,37.0,289.02000000000004,210.55857142857144,120.0763888888889,134.8779761904762,5.001796345429051,3.4657359027997265,2360.7000000000003,4.479166666666671,-260.84,0.04789580198225313,-0.5410632029761826,-1.2217402057338926,Low
2025-10-01,116.72916666666667,38,0,165.16,4.35,9.44,VIIRS_SNPP_SP,147.68,31.0,408.52,84.0,310.86,75.0,240.45333333333335,196.61142857142858,114.625,130.47619047619048,5.112951179567857,3.6635616461296463,2525.86,0.9166666666666714,17.47999999999999,0.05356494214104094,-0.5191579423875514,-1.1982596701803834,Low
2025-10-02,136.5,49,0,237.2,4.84,15.28,VIIRS_SNPP_SP,165.16,38.0,147.68,31.0,408.52,84.0,183.3466666666667,216.30142857142854,123.0138888888889,128.63095238095238,5.473110656921199,3.912023005428146,2763.06,19.77083333333333,72.03999999999999,0.07692906439728088,-0.4288801979479062,-0.6918272101740154,Low
2025-10-03,120.8125,84,0,529.45,6.3,41.12,VIIRS_SNPP_SP,237.2,49.0,165.16,38.0,147.68,31.0,310.6033333333334,282.1942857142857,124.68055555555556,127.50892857142857,6.27372570290528,4.442651256490317,3292.51,-15.6875,292.25000000000006,0.17171202843651082,-0.06264379022322117,-1.0936645572602062,Moderate
2025-10-04,138.375,160,0,596.52,3.73,17.94,VIIRS_SNPP_SP,529.45,84.0,237.2,49.0,165.16,38.0,454.39000000000004,342.1985714285714,131.89583333333334,124.66369047619048,6.392787756048811,5.081404364984463,3889.03,17.5625,67.06999999999994,0.19346427274142491,0.021405742252722702,-0.6437988419963829,Moderate
2025-10-05,180.45833333333334,24,0,81.39,3.39,9.08,VIIRS_SNPP_SP,596.52,160.0,529.45,84.0,237.2,49.0,402.4533333333334,309.4171428571428,146.54861111111111,131.43154761904762,4.411464070327499,3.2188758248682006,3970.42,42.08333333333334,-515.13,0.02639652846245654,-0.6241352695906202,0.43417119932381076,Low
2025-10-06,160.6875,0,0,0.0,0.0,0.0,,81.39,24.0,596.52,160.0,529.45,84.0,225.97000000000003,251.05714285714288,159.8402777777778,138.48214285714286,0.0,0.0,3970.42,-19.770833333333343,-81.39,0.0,-0.7261300727547335,-0.0722612606825576,None
2025-10-07,96.64583333333333,10,0,38.48,3.85,7.71,VIIRS_SNPP_SP,0.0,0.0,81.39,24.0,596.52,160.0,39.956666666666706,235.45714285714283,145.93055555555557,135.74404761904762,3.675794214565281,2.3978952727983707,4008.9,-64.04166666666667,38.48,0.012479892065798349,-0.6779084235870829,-1.712696858216357,Low
2025-10-08,104.22916666666667,32,0,60.1,1.88,8.66,VIIRS_SNPP_SP,38.48,10.0,0.0,0.0,81.39,24.0,32.860000000000035,220.44857142857146,120.52083333333333,133.95833333333334,4.11251186617755,3.4965075614664802,4069.0,7.583333333333343,21.620000000000005,0.019491723314825384,-0.650815074964302,-1.5184487913645992,Low
2025-10-09,122.875,76,0,393.04,5.17,47.12,VIIRS_SNPP_SP,60.1,32.0,38.48,10.0,0.0,0.0,163.87333333333336,242.71142857142857,107.91666666666667,132.01190476190476,5.976452426987478,4.343805421853684,4462.04,18.64583333333333,332.94,0.12747132997768668,-0.233587531464365,-1.0408333522648106,Low
2025-10-10,174.60416666666666,120,0,590.36,4.92,34.7,VIIRS_SNPP_SP,393.04,76.0,60.1,32.0,38.48,10.0,347.8333333333333,251.41285714285712,133.9027777777778,139.69642857142858,6.382424969013265,4.795790545596741,5052.4,51.72916666666666,197.32,0.19146645218203517,0.013686268269543753,0.2842159609025358,Moderate
2025-10-11,144.02083333333334,99,0,473.28,4.78,12.34,VIIRS_SNPP_SP,590.36,120.0,393.04,76.0,60.1,32.0,485.56,233.80714285714288,147.16666666666666,140.5029761904762,6.16179786458987,4.605170185988092,5525.679999999999,-30.583333333333314,-117.08000000000004,0.15349488869285452,-0.1330338638652933,-0.49918008892817856,Low
2025-10-12,164.4375,113,0,536.2,4.75,17.24,VIIRS_SNPP_SP,473.28,99.0,590.36,120.0,393.04,76.0,533.2800000000001,298.78000000000003,161.02083333333334,138.21428571428572,6.286370464649083,4.736198448394496,6061.879999999999,20.416666666666657,62.92000000000007,0.17390119869233564,-0.05418495103710783,0.023795475672707157,Moderate
2025-10-13,168.20833333333334,116,0,626.6,5.4,23.12,VIIRS_SNPP_SP,536.2,113.0,473.28,99.0,590.36,120.0,545.36,388.2942857142857,158.8888888888889,139.28869047619045,6.441903020858877,4.762173934797756,6688.48,3.770833333333343,90.39999999999998,0.20321986404441908,0.05910083598876561,0.12038586056327918,Moderate
2025-10-14,158.6875,231,0,1102.33,4.77,76.41,VIIRS_SNPP_SP,626.6,116.0,536.2,113.0,473.28,99.0,755.0433333333334,540.2728571428571,163.7777777777778,148.15178571428572,7.006088158550399,5.44673737166631,7790.8099999999995,-9.520833333333343,475.7299999999999,0.35750934045975813,0.6552672902124246,-0.12349152007203215,Moderate
2025-10-15,165.83333333333334,247,0,1106.51,4.48,45.33,VIIRS_SNPP_SP,1102.33,231.0,626.6,116.0,536.2,113.0,945.1466666666666,689.76,164.24305555555557,156.95238095238096,7.009869531223899,5.5134287461649825,8897.32,7.145833333333343,4.180000000000064,0.3588650044107726,0.6605055047010104,0.059549927538278175,Moderate
2025-10-16,160.66666666666666,193,0,903.78,4.68,18.77,VIIRS_SNPP_SP,1106.51,247.0,1102.33,231.0,626.6,116.0,1037.54,762.722857142857,161.72916666666666,162.35119047619045,6.807691820225157,5.267858159063328,9801.1,-5.166666666666686,-202.73000000000002,0.2931153027865705,0.4064521020046019,-0.07279490921786488,Moderate
2025-10-17,160.70833333333334,159,0,773.26,4.86,22.55,VIIRS_SNPP_SP,903.78,193.0,1106.51,247.0,1102.33,231.0,927.85,788.8514285714285,162.4027777777778,160.36607142857142,6.6519077344948,5.075173815233827,10574.36,0.041666666666685614,-130.51999999999998,0.2507848580769031,0.2428894811791926,-0.07172761214725033,Moderate
2025-10-18,166.25,232,0,988.19,4.26,35.92,VIIRS_SNPP_SP,773.26,159.0,903.78,193.0,1106.51,247.0,888.4100000000002,862.41,162.54166666666666,163.54166666666669,6.896886426417028,5.4510384535657,11562.550000000001,5.541666666666657,214.93000000000006,0.320491282237559,0.5122314524786504,0.07022289824441846,Moderate
2025-10-19,176.14583333333334,337,0,1860.39,5.52,31.97,VIIRS_SNPP_SP,988.19,232.0,773.26,159.0,903.78,193.0,1207.28,1051.58,167.7013888888889,165.21428571428572,7.5290787994367605,5.823045895483019,13422.94,9.895833333333343,872.2,0.6033645114420632,1.6052387914605848,0.32370595251525625,Moderate
2025-10-20,176.39583333333334,438,0,1807.51,4.13,25.7,VIIRS_SNPP_SP,1860.39,337.0,988.19,232.0,773.26,159.0,1552.03,1220.2814285714285,172.93055555555557,166.38392857142858,7.500258580821156,6.0844994130751715,15230.45,0.25,-52.88000000000011,0.5862143894971719,1.5389716186958922,0.3301097349389406,Moderate
2025-10-21,161.95833333333334,258,0,1283.43,4.97,36.31,VIIRS_SNPP_SP,1807.51,438.0,1860.39,337.0,988.19,232.0,1650.4433333333336,1246.152857142857,171.5,166.8511904761905,7.158070319152175,5.556828061699537,16513.88,-14.4375,-524.0799999999999,0.41624396761973953,0.8822148126724434,-0.03970870002882875,Moderate
2025-10-22,179.97916666666666,188,0,1179.3,6.27,21.79,VIIRS_SNPP_SP,1283.43,258.0,1807.51,438.0,1860.39,337.0,1423.4133333333332,1256.5514285714287,172.77777777777774,168.87202380952382,7.073523922435023,5.241747015059643,17693.18,18.020833333333314,-104.13000000000011,0.3824723678065487,0.7517231201613348,0.42189728301174867,Moderate
2025-10-23,164.4375,209,0,1065.0,5.1,30.2,VIIRS_SNPP_SP,1179.3,188.0,1283.43,258.0,1807.51,438.0,1175.91,1279.5828571428572,168.79166666666666,169.41071428571428,6.97166860472579,5.3471075307174685,18758.18,-15.541666666666657,-114.29999999999995,0.3454024181412485,0.6084867766098156,0.023795475672707157,Moderate
2025-10-24,160.0,268,0,1388.12,5.18,52.74,VIIRS_SNPP_SP,1065.0,209.0,1179.3,188.0,1283.43,258.0,1210.8066666666666,1367.42,168.13888888888889,169.30952380952382,7.236425732111229,5.594711379601839,20146.3,-4.4375,323.1199999999999,0.45019718748378384,1.0134082755456588,-0.08987166234768948,Moderate
2025-10-25,172.27083333333334,398,0,1862.04,4.68,75.21,VIIRS_SNPP_SP,1388.12,268.0,1065.0,209.0,1179.3,188.0,1438.3866666666665,1492.2557142857142,165.56944444444446,170.16964285714286,7.529964841117204,5.988961416889864,22008.34,12.270833333333343,473.9200000000001,0.6038996419490426,1.6073065077060786,0.22444732494814934,Moderate
2025-10-26,177.75,487,0,2364.28,4.85,42.67,VIIRS_SNPP_SP,1862.04,398.0,1388.12,268.0,1065.0,209.0,1871.4800000000002,1564.24,170.00694444444446,170.39880952380955,7.76865168715278,6.1903154058531475,24372.62,5.479166666666657,502.24000000000024,0.7667868818431841,2.2366942696073475,0.36479688973389707,High
2025-10-27,169.64583333333334,155,0,818.6,5.28,36.63,VIIRS_SNPP_SP,2364.28,487.0,1862.04,398.0,1388.12,268.0,1681.64,1422.967142857143,173.22222222222226,169.43452380952382,6.708816416364745,5.049856007249537,25191.219999999998,-8.104166666666657,-1545.6800000000003,0.2654895957656582,0.29970781728265616,0.15720760949946402,Moderate
2025-10-28,160.25,130,0,680.19,5.23,15.62,VIIRS_SNPP_SP,818.6,155.0,2364.28,487.0,1862.04,398.0,1287.69,1336.7900000000002,169.21527777777777,169.1904761904762,6.5238412687042695,4.875197323201151,25871.409999999996,-9.395833333333343,-138.40999999999997,0.2206002542680712,0.12625775331970104,-0.08346787992400516,Moderate
2025-10-29,166.0625,266,0,1930.58,7.26,39.94,VIIRS_SNPP_SP,680.19,130.0,818.6,155.0,2364.28,487.0,1143.1233333333334,1444.1157142857141,165.31944444444446,167.20238095238096,7.566093599835201,5.58724865840025,27801.989999999998,5.8125,1250.3899999999999,0.6261286388874474,1.693198187382554,0.06542006142665523,Moderate
2025-10-30,170.39583333333334,397,0,2293.47,5.78,57.45,VIIRS_SNPP_SP,1930.58,266.0,680.19,130.0,818.6,155.0,1634.7466666666667,1619.6114285714284,165.56944444444446,168.05357142857142,7.73825715900546,5.986452005284438,30095.46,4.333333333333343,362.8899999999999,0.7438216750557832,2.147957913641616,0.17641895677051697,High
2025-10-31,174.20833333333334,664,0,3083.36,4.64,44.04,VIIRS_SNPP_SP,2293.47,397.0,1930.58,266.0,680.19,130.0,2435.8033333333333,1861.7885714285715,170.22222222222223,170.08333333333331,8.034099459388136,6.499787040655854,33178.82,3.8125,789.8900000000003,1.0,3.137817541007404,0.2740766387317028,High
2025-11-01,169.79166666666666,417,0,2397.44,5.75,52.67,VIIRS_SNPP_SP,3083.36,664.0,2293.47,397.0,1930.58,266.0,2591.4233333333336,1938.2742857142857,171.4652777777778,169.72916666666669,7.782573804994451,6.035481432524756,35576.26,-4.416666666666686,-685.9200000000001,0.7775413834258731,2.2782491003349796,0.1609431492466127,High
2025-11-02,170.5625,442,0,2881.18,6.52,48.01,VIIRS_SNPP_SP,2397.44,417.0,3083.36,664.0,2293.47,397.0,2787.3266666666664,2012.1171428571429,171.52083333333334,168.70238095238096,7.966302231236476,6.093569770045136,38457.44,0.7708333333333428,483.7399999999998,0.9344286752114576,2.884453377059493,0.18068814505297293,High
2025-11-03,172.22916666666666,326,0,1612.39,4.95,24.33,VIIRS_SNPP_SP,2881.18,442.0,2397.44,417.0,3083.36,664.0,2297.0033333333336,2125.5157142857142,170.8611111111111,169.07142857142858,7.386092834392678,5.7899601708972535,40069.83,1.6666666666666572,-1268.7899999999997,0.5229327746354626,1.294454773955976,0.2233800278775348,Moderate
2025-11-04,164.5,448,0,2891.57,6.45,50.58,VIIRS_SNPP_SP,1612.39,326.0,2881.18,442.0,2397.44,417.0,2461.7133333333336,2441.4271428571424,169.09722222222223,169.67857142857142,7.969900659293587,6.1070228877422545,42961.4,-7.729166666666657,1279.18,0.937798375797831,2.8974737235993033,0.025396421278628234,High
2025-11-05,159.35416666666666,543,0,2482.46,4.57,71.94,VIIRS_SNPP_SP,2891.57,448.0,1612.39,326.0,2881.18,442.0,2328.806666666667,2520.2671428571425,165.3611111111111,168.7202380952381,7.817408028116107,6.298949246855942,45443.86,-5.145833333333343,-409.1100000000001,0.8051151990036842,2.3847928792391806,-0.10641476694220754,High
2025-11-06,166.6875,383,0,1970.49,5.14,80.73,VIIRS_SNPP_SP,2482.46,543.0,2891.57,448.0,1612.39,326.0,2448.1733333333336,2474.1271428571426,163.51388888888889,168.19047619047618,7.586544881024828,5.950642552587727,47414.35,7.333333333333343,-511.97,0.6390723107259613,1.7432118572963,0.08142951748586601,Moderate
2025-11-07,153.89583333333334,303,0,1760.02,5.81,62.19,VIIRS_SNPP_SP,1970.49,383.0,2482.46,543.0,2891.57,448.0,2070.9900000000002,2285.078571428571,159.97916666666666,165.28869047619045,7.473648465615132,5.717027701406222,49174.369999999995,-12.791666666666657,-210.47000000000003,0.5708123605417467,1.4794589856664813,-0.246230683192648,Moderate
2025-11-08,142.39583333333334,421,0,2425.85,5.76,28.34,VIIRS_SNPP_SP,1760.02,303.0,1970.49,383.0,2482.46,543.0,2052.12,2289.137142857143,154.3263888888889,161.375,7.794349399119455,6.045005314036012,51600.219999999994,-11.5,665.8299999999999,0.7867553577915001,2.31385141459831,-0.5408046746821266,High
2025-11-09,155.10416666666666,539,0,2887.37,5.36,68.43,VIIRS_SNPP_SP,2425.85,421.0,1760.02,303.0,1970.49,383.0,2357.7466666666664,2290.0214285714283,150.4652777777778,159.16666666666669,7.968447608150009,6.29156913955832,54487.59,12.708333333333314,461.52,0.9364362254164288,2.8922104458834994,-0.21527906814484093,High
2025-11-10,161.77083333333334,471,0,2058.56,4.37,51.78,VIIRS_SNPP_SP,2887.37,539.0,2425.85,421.0,1760.02,303.0,2457.2599999999998,2353.7599999999998,153.0902777777778,157.67261904761907,7.630247646736548,6.156978985585555,56546.149999999994,6.666666666666686,-828.81,0.6676353069378859,1.8535777783512628,-0.04451153684659199,High
2025-11-11,173.1875,401,0,1866.55,4.65,32.03,VIIRS_SNPP_SP,2058.56,471.0,2887.37,539.0,2425.85,421.0,2270.8266666666664,2207.328571428571,163.35416666666666,158.9136904761905,7.532382690410275,5.996452088619021,58412.7,11.416666666666657,-192.01,0.605362332001453,1.6129582654437635,0.24792786050165827,Moderate
2025-11-12,172.0625,12,0,17.32,1.44,3.3,VIIRS_SNPP_SP,1866.55,401.0,2058.56,471.0,2887.37,539.0,1314.1433333333332,1855.1657142857143,169.00694444444446,160.72916666666666,2.9079933592459843,2.5649493574615367,58430.02,-1.125,-1849.23,0.005617248715686783,-0.704425317983847,0.21911083959507885,Low
2025-11-13,180.39583333333334,203,0,1135.37,5.59,37.86,VIIRS_SNPP_SP,17.32,12.0,1866.55,401.0,2058.56,471.0,1006.4133333333333,1735.862857142857,175.21527777777774,162.6875,7.035594250476342,5.318119993844216,59565.39,8.333333333333343,1118.05,0.36822492346012137,0.6966717415767483,0.43257025371788965,Moderate
2025-11-14,175.45833333333334,191,0,1341.5,7.02,77.88,VIIRS_SNPP_SP,1135.37,203.0,17.32,12.0,1866.55,401.0,831.3966666666665,1676.0742857142857,175.9722222222222,165.76785714285714,7.20228882638302,5.2574953720277815,60906.89,-4.9375,206.1300000000001,0.4350773182502205,0.9549858929002362,0.3060955508501244,Moderate
2025-11-15,168.77083333333334,248,0,1580.32,6.37,61.59,VIIRS_SNPP_SP,1341.5,191.0,1135.37,203.0,17.32,12.0,1352.3966666666665,1555.2842857142857,174.875,169.53571428571428,7.3660152202707,5.517452896464707,62487.21,-6.6875,238.81999999999994,0.5125317835088994,1.2542658891117306,0.1347943710165689,Moderate
2025-11-16,163.6875,318,0,1199.17,3.77,42.42,VIIRS_SNPP_SP,1580.32,248.0,1341.5,191.0,1135.37,203.0,1373.6633333333332,1314.112857142857,169.30555555555557,170.76190476190476,7.090218492408984,5.765191102784844,63686.38,-5.083333333333343,-381.14999999999986,0.3889166363966582,0.7766234364025308,0.004584128401654203,Moderate
2025-11-17,160.08333333333334,107,0,506.01,4.73,22.96,VIIRS_SNPP_SP,1199.17,318.0,1580.32,248.0,1341.5,191.0,1095.1666666666667,1092.32,164.18055555555557,170.52083333333334,6.228530727262548,4.68213122712422,64192.39,-3.604166666666657,-693.1600000000001,0.16410993202220953,-0.09201789252285038,-0.08773706820646113,Moderate
2025-11-18,197.04166666666666,85,0,438.01,5.15,25.24,VIIRS_SNPP_SP,506.01,107.0,1199.17,318.0,1580.32,248.0,714.3966666666666,888.2428571428571,173.60416666666666,173.92857142857142,6.084522191859013,4.454347296253507,64630.4,36.958333333333314,-68.0,0.14205606870427065,-0.1772328650644366,0.8589554334282034,Low
2025-11-19,196.04166666666666,80,0,389.28,4.87,14.76,VIIRS_SNPP_SP,438.01,85.0,506.01,107.0,1199.17,318.0,444.43333333333334,941.38,184.38888888888889,177.35416666666669,5.966864430239749,4.394449154672439,65019.68,-1.0,-48.73000000000002,0.1262518810648124,-0.2382994181813704,0.833340303733466,Low
2025-11-20,211.4375,92,0,363.43,3.95,46.23,VIIRS_SNPP_SP,389.28,80.0,438.01,85.0,506.01,107.0,396.9066666666667,831.1028571428571,201.50694444444443,181.7886904761905,5.898334489110175,4.532599493153256,65383.11,15.395833333333343,-25.849999999999966,0.11786816978880182,-0.2706936393607822,1.2277065713253588,Low
2025-11-21,214.70833333333334,118,0,478.52,4.06,63.67,VIIRS_SNPP_SP,363.43,92.0,389.28,80.0,438.01,85.0,410.41,707.8199999999999,207.39583333333334,187.39583333333331,6.172785603568353,4.77912349311153,65861.63,3.270833333333343,115.08999999999997,0.15519433345441336,-0.12646729833414752,1.3114893913685624,Low
2025-11-22,220.22916666666666,73,0,263.5,3.61,23.62,VIIRS_SNPP_SP,478.52,118.0,363.43,92.0,389.28,80.0,368.48333333333335,519.702857142857,215.45833333333334,194.74702380952382,5.577841251298354,4.30406509320417,66125.13,5.520833333333314,-215.01999999999998,0.08545872035701313,-0.3959220541560868,1.4529062532249237,Low
2025-11-23,229.72916666666666,44,0,160.51,3.65,18.02,VIIRS_SNPP_SP,263.5,73.0,478.52,118.0,363.43,92.0,300.8433333333333,371.3228571428572,221.55555555555557,204.18154761904762,5.084567060250421,3.8066624897703196,66285.64,9.5,-102.99000000000001,0.05205684707591718,-0.5249851427157628,1.6962499853249278,Low
2025-11-24,217.375,46,0,198.03,4.31,17.17,VIIRS_SNPP_SP,160.51,44.0,263.5,73.0,478.52,118.0,207.34666666666666,327.32571428571424,222.44444444444443,212.36607142857142,5.293455567131129,3.8501476017100584,66483.67,-12.354166666666657,37.52000000000001,0.06422539048310934,-0.4779665284545817,1.3797964038878614,Low
2025-11-25,184.4375,40,0,138.45,3.46,22.99,VIIRS_SNPP_SP,198.03,46.0,160.51,44.0,263.5,73.0,165.66333333333333,284.5314285714286,210.5138888888889,210.56547619047618,4.937706114073498,3.713572066704308,66622.12,-32.9375,-59.58000000000001,0.044902314358362304,-0.5526298823373421,0.5360980695674525,Low
2025-11-26,170.04166666666666,60,0,162.27,2.7,10.26,VIIRS_SNPP_SP,138.45,40.0,198.03,46.0,160.51,44.0,166.25,252.10142857142858,190.61805555555554,206.85119047619045,5.095405272138073,4.110873864173311,66784.39,-14.395833333333343,23.82000000000002,0.05262765295002854,-0.5227795787205688,0.16734693167029704,Low
2025-11-27,193.14583333333334,71,0,388.51,5.47,46.01,VIIRS_SNPP_SP,162.27,60.0,138.45,40.0,198.03,46.0,229.74333333333334,255.68428571428572,182.54166666666666,204.2380952380952,5.964889538922183,4.276666119016055,67172.9,23.104166666666686,226.23999999999998,0.1260021534948887,-0.23926435242926777,0.7591631573257899,Low
2025-11-28,183.52083333333334,24,0,128.87,5.37,19.03,VIIRS_SNPP_SP,388.51,71.0,162.27,60.0,138.45,40.0,226.54999999999998,205.7342857142857,182.23611111111111,199.7827380952381,4.866533950121999,3.2188758248682006,67301.76999999999,-9.625,-259.64,0.04179531420268798,-0.5646351681748185,0.5126175340139436,Low
2025-11-29,158.20833333333334,17,0,40.36,2.37,5.31,VIIRS_SNPP_SP,128.87,24.0,388.51,71.0,162.27,60.0,185.91333333333333,173.85714285714286,178.29166666666666,190.92261904761904,3.7223142302001735,2.8903717578961645,67342.12999999999,-25.3125,-88.51,0.013089616522235482,-0.6755524802285802,-0.13576543638409352,Low
2025-11-30,150.14583333333334,43,0,524.31,12.19,103.74,VIIRS_SNPP_SP,40.36,17.0,128.87,24.0,388.51,71.0,231.17999999999998,225.8285714285714,163.95833333333334,179.55357142857142,6.26398856451963,3.784189633918261,67866.43999999999,-8.0625,483.94999999999993,0.17004501582689013,-0.06908503961827649,-0.34228741954791275,Moderate
2025-12-01,161.70833333333334,37,0,103.35,2.79,18.03,VIIRS_SNPP_SP,524.31,43.0,40.36,17.0,128.87,24.0,222.67333333333332,212.30285714285714,156.6875,171.6011904761905,4.647750633523209,3.6375861597263857,67969.79,11.5625,-420.9599999999999,0.03351862902807327,-0.5966158461051314,-0.046112482452513065,Low
2025-12-02,184.125,54,0,125.87,2.33,8.44,VIIRS_SNPP_SP,103.35,37.0,524.31,43.0,40.36,17.0,251.17666666666665,210.50571428571425,165.32638888888889,171.55654761904762,4.843162940152507,4.007333185232471,68095.65999999999,22.416666666666657,22.52000000000001,0.040822349644543614,-0.5683946522575355,0.5280933415378471,Low
2025-12-03,175.29166666666666,31,0,102.27,3.3,9.39,VIIRS_SNPP_SP,125.87,54.0,103.35,37.0,524.31,43.0,110.49666666666667,201.93428571428566,173.70833333333334,172.30654761904762,4.637346917683312,3.4657359027997265,68197.93,-8.833333333333343,-23.60000000000001,0.0331683617871413,-0.5979692603749096,0.3018263625676677,Low
2025-12-04,170.33333333333334,15,0,35.02,2.33,6.7,VIIRS_SNPP_SP,102.27,31.0,125.87,54.0,103.35,37.0,87.72000000000001,151.43571428571428,176.58333333333334,169.04761904761904,3.58407433974781,2.772588722239781,68232.95,-4.958333333333314,-67.25,0.01135773960873852,-0.6822443618958166,0.1748180111645959,Low
2025-12-05,171.1875,23,0,54.2,2.36,5.42,VIIRS_SNPP_SP,35.02,15.0,102.27,31.0,125.87,54.0,63.830000000000005,140.76857142857142,172.27083333333334,167.28571428571428,4.01096295328305,3.1780538303479458,68287.15,0.8541666666666572,19.18,0.017578226350474808,-0.6582087269936455,0.19669760111218373,Low
2025-12-06,167.0625,33,0,77.22,2.34,6.99,VIIRS_SNPP_SP,54.2,23.0,35.02,15.0,102.27,31.0,55.48,146.03428571428572,169.5277777777778,168.55059523809524,4.359525369327368,3.5263605246161616,68364.37,-4.125,23.019999999999996,0.025044107726635876,-0.6293609524655969,0.0910351911213925,Low
2025-12-07,160.47916666666666,31,0,88.41,2.85,7.6,VIIRS_SNPP_SP,77.22,33.0,54.2,23.0,35.02,15.0,73.27666666666666,83.76285714285714,166.24305555555554,170.02678571428572,4.493232532747227,3.4657359027997265,68452.78,-6.583333333333343,11.189999999999998,0.028673265528514347,-0.6153380768370623,-0.07759774603562812,Low
2025-12-08,156.54166666666666,34,0,73.53,2.16,6.37,VIIRS_SNPP_SP,88.41,31.0,77.22,33.0,54.2,23.0,79.72000000000001,79.50285714285714,161.36111111111111,169.28869047619045,4.311201728893603,3.5553480614894135,68526.31,-3.9375,-14.879999999999995,0.02384736132011831,-0.6339851178873388,-0.17845731920865612,Low
2025-12-09,153.08333333333334,31,0,82.15,2.65,8.17,VIIRS_SNPP_SP,73.53,34.0,88.41,31.0,77.22,33.0,81.36333333333334,73.25714285714285,156.70138888888889,164.85416666666666,4.420646205638937,3.4657359027997265,68608.45999999999,-3.4583333333333144,8.620000000000005,0.026643012817186448,-0.6231828669563318,-0.267042976069622,Low
2025-12-10,144.85416666666666,40,0,163.73,4.09,28.02,VIIRS_SNPP_SP,82.15,31.0,73.53,34.0,88.41,31.0,106.46999999999998,82.03714285714285,151.49305555555557,160.50595238095238,5.104307769958891,3.713572066704308,68772.18999999999,-8.229166666666686,81.57999999999998,0.05310116236832546,-0.5209499631336465,-0.477834147515898,Low
2025-12-11,167.625,48,0,115.64,2.41,7.79,VIIRS_SNPP_SP,163.73,40.0,82.15,31.0,73.53,34.0,120.50666666666666,93.55428571428571,155.1875,160.11904761904762,4.759092268260348,3.8918202981106265,68887.82999999999,22.770833333333343,-48.08999999999999,0.03750454050127134,-0.5812144929796007,0.1054437015746822,Low
2025-12-12,177.6875,39,0,171.47,4.4,15.55,VIIRS_SNPP_SP,115.64,48.0,163.73,40.0,82.15,31.0,150.28,110.30714285714285,163.38888888888889,161.04761904761904,5.1502233083033095,3.6888794541139363,69059.29999999999,10.0625,55.83,0.055611410928337913,-0.5112504942002365,0.363195944127976,Low
2025-12-13,253.85416666666666,22,0,67.94,3.09,5.63,VIIRS_SNPP_SP,171.47,39.0,115.64,48.0,163.73,40.0,118.35000000000001,108.9814285714286,199.7222222222222,173.44642857142858,4.233236561088719,3.1354942159291497,69127.23999999999,76.16666666666666,-103.53,0.022034404026775985,-0.6409902898948016,2.3142149892104644,Low
2025-12-14,271.9791666666667,27,0,90.79,3.36,11.2,VIIRS_SNPP_SP,67.94,22.0,171.47,39.0,115.64,48.0,110.06666666666668,109.32142857142857,234.50694444444446,189.375,4.519503359231,3.332204510175204,69218.02999999998,18.12500000000003,22.85000000000001,0.02944515074464221,-0.6123555527981067,2.7784892149275784,Low
2025-12-15,279.9583333333333,52,0,132.95,2.56,13.15,VIIRS_SNPP_SP,90.79,27.0,67.94,22.0,171.47,39.0,97.22666666666667,117.81000000000002,268.59722222222223,207.00595238095238,4.897466595990617,3.970291913552122,69350.97999999998,7.979166666666629,42.15999999999998,0.043118546001764305,-0.5595222698223233,2.9828766039501686,Low
2025-12-16,177.4375,48,0,151.75,3.16,14.04,VIIRS_SNPP_SP,132.95,52.0,90.79,27.0,67.94,22.0,125.16333333333334,127.75285714285714,243.125,210.48511904761907,5.028802598051705,3.8918202981106265,69502.72999999998,-102.52083333333331,18.80000000000001,0.04921579056613564,-0.5359628362372966,0.3567921617042917,Low
2025-12-17,166.64583333333334,41,0,138.94,3.39,14.7,VIIRS_SNPP_SP,151.75,48.0,132.95,52.0,90.79,27.0,141.21333333333334,124.21142857142857,208.01388888888889,213.59821428571428,4.94121375931775,3.7376696182833684,69641.66999999998,-10.791666666666657,-12.810000000000002,0.04506123190285922,-0.5520158332704983,0.0803622204152522,Low
2025-12-18,173.70833333333334,16,0,25.72,1.61,3.09,VIIRS_SNPP_SP,138.94,41.0,151.75,48.0,132.95,52.0,105.46999999999998,111.36571428571429,172.59722222222226,214.46726190476193,3.285412348668445,2.833213344056216,69667.38999999998,7.0625,-113.22,0.008341549478490995,-0.6938987625522394,0.2612690738843342,Low
2025-12-19,192.125,22,0,88.92,4.04,11.47,VIIRS_SNPP_SP,25.72,16.0,138.94,41.0,151.75,48.0,84.52666666666666,99.57285714285715,177.49305555555557,216.52976190476193,4.498920386145381,3.1354942159291497,69756.30999999998,18.416666666666657,63.2,0.02883866950339889,-0.6146989645430004,0.7330143790957453,Low
2025-12-20,187.4375,4,0,8.63,2.16,3.77,VIIRS_SNPP_SP,88.92,22.0,25.72,16.0,138.94,41.0,41.089999999999996,91.1,184.4236111111111,207.04166666666666,2.2648832258100344,1.6094379124341003,69764.93999999999,-4.6875,-80.29,0.0027988947122619483,-0.7153152902101174,0.6129434586516643,Low
2025-12-21,225.72916666666666,6,0,8.39,1.4,2.07,VIIRS_SNPP_SP,8.63,4.0,88.92,22.0,25.72,16.0,35.31333333333333,79.32857142857142,201.76388888888889,200.43452380952382,2.2396452932201716,1.9459101490553132,69773.32999999999,38.29166666666666,-0.2400000000000002,0.002721057547610399,-0.7156160489367348,1.5937894665459789,Low
2025-12-22,263.3125,25,0,71.53,2.86,12.59,VIIRS_SNPP_SP,8.39,6.0,8.63,4.0,88.92,22.0,29.516666666666666,70.55428571428571,225.49305555555554,198.05654761904762,4.284000269375321,3.258096538021482,69844.85999999999,37.58333333333334,63.14,0.023198718281355404,-0.6364914406091502,2.5564914242398546,Low
2025-12-23,259.1458333333333,58,0,134.56,2.32,8.46,VIIRS_SNPP_SP,71.53,25.0,8.39,6.0,8.63,4.0,71.49333333333334,68.09857142857143,249.39583333333334,209.72916666666666,4.909414346738851,4.07753744390572,69979.41999999998,-4.166666666666686,63.03,0.043640703647968446,-0.5575046800312652,2.449761717178449,Low
2025-12-24,166.75,49,0,169.07,3.45,17.49,VIIRS_SNPP_SP,134.56,58.0,71.53,25.0,8.39,6.0,125.05333333333333,72.40285714285714,229.7361111111111,209.74404761904762,5.136210117004322,3.912023005428146,70148.48999999999,-92.39583333333331,34.50999999999999,0.05483303928182242,-0.5142580814664102,0.08303046309178709,Low
2025-12-25,154.9375,9,0,41.9,4.66,12.34,VIIRS_SNPP_SP,169.07,49.0,134.56,58.0,71.53,25.0,115.17666666666668,74.71428571428571,193.6111111111111,207.0625,3.758871825933971,2.302585092994046,70190.38999999998,-11.8125,-127.16999999999999,0.013589071662082921,-0.6736226117327855,-0.21954825642729692,Low
2025-12-26,184.35416666666666,27,0,59.8,2.21,8.56,VIIRS_SNPP_SP,41.9,9.0,169.07,49.0,134.56,58.0,90.25666666666667,70.55428571428571,168.68055555555554,205.95238095238096,4.107589788972121,3.332204510175204,70250.18999999999,29.416666666666657,17.9,0.01939442685901095,-0.6511910233725738,0.5339634754262242,Low
2025-12-27,184.33333333333334,28,0,74.51,2.66,8.75,VIIRS_SNPP_SP,59.8,27.0,41.9,9.0,169.07,49.0,58.73666666666668,79.96571428571428,174.54166666666666,205.50892857142853,4.324265097815334,3.367295829986474,70324.69999999998,-0.020833333333314386,14.710000000000008,0.024165196409112136,-0.6327570197536513,0.5334298268909177,Low
2025-12-28,238.9375,43,0,124.42,2.89,10.35,VIIRS_SNPP_SP,74.51,28.0,59.8,27.0,41.9,9.0,86.24333333333334,96.54142857142858,202.54166666666666,207.39583333333331,4.831668105114875,3.784189633918261,70449.11999999998,54.60416666666666,49.91,0.040352083441440506,-0.5702117362308488,1.9321226379306338,Low
2025-12-29,238.3125,44,0,213.1,4.84,24.86,VIIRS_SNPP_SP,124.42,43.0,74.51,28.0,59.8,27.0,137.34333333333336,116.76571428571427,220.5277777777778,203.82440476190476,5.366443195595637,3.8066624897703196,70662.21999999999,-0.625,88.67999999999999,0.06911291578018784,-0.45908138674573307,1.916113181871423,Low
2025-12-30,226.6875,8,0,29.29,3.66,8.05,VIIRS_SNPP_SP,213.1,44.0,124.42,43.0,74.51,28.0,122.27000000000002,101.72714285714287,234.64583333333334,199.1875,3.410817625039146,2.1972245773362196,70691.50999999998,-11.625,-183.81,0.009499377302682787,-0.6894249764938062,1.6183372991701022,Low
2025-12-31,209.45833333333334,0,0,0.0,0.0,0.0,,29.29,8.0,213.1,44.0,124.42,43.0,80.79666666666668,77.57428571428571,224.81944444444446,205.2886904761905,0.0,0.0,70691.50999999998,-17.229166666666657,-29.29,0.0,-0.7261300727547335,1.1770099604711917,None
